<?xml version='1.0' encoding='utf-8'?>
<!DOCTYPE hibernate-configuration PUBLIC
        "-//Hibernate/Hibernate Configuration DTD 3.0//EN"
        "http://www.hibernate.org/dtd/hibernate-configuration-3.0.dtd">
<hibernate-configuration>        
  <session-factory>
    <property name="dialect">org.hibernate.dialect.MySQLDialect</property>
    <property name="hbm2ddl.auto">update</property>
    
    <mapping class="com.nbs.model.RoleModel"/>
    <mapping class="com.nbs.model.privilageModel"/>
    <mapping class="com.nbs.model.stateModel"/>
    <mapping class="com.nbs.model.cityModel"/>
    
    <mapping class="com.nbs.model.componentModel"/>
    <mapping class="com.nbs.model.CategoryModel"/>
    
    <mapping class="com.nbs.model.ServiceModel"/>
    
    
  </session-factory>
</hibernate-configuration>